<?xml version="1.0" encoding="UTF-8"?>
<project-private xmlns="http://www.netbeans.org/ns/project-private/1">
    <editor-bookmarks xmlns="http://www.netbeans.org/ns/editor-bookmarks/2" lastBookmarkId="0"/>
    <open-files xmlns="http://www.netbeans.org/ns/projectui-open-files/2">
        <group>
            <file>file:/C:/wamp64/www/final_one/application/views/cms_view.php</file>
            <file>file:/C:/wamp64/www/final_one/application/views/site.php</file>
            <file>file:/C:/wamp64/www/final_one/application/classes/Controller/Welcome.php</file>
            <file>file:/C:/wamp64/www/final_one/application/views/log_in.php</file>
            <file>file:/C:/wamp64/www/final_one/application/bootstrap.php</file>
        </group>
    </open-files>
</project-private>
